{"cameraMode":{"drawMode":0,"name":"Shaded","section":"Shading Mode"},"sceneLighting":true,"audioPlay":false,"sceneViewState":{"m_AlwaysRefresh":false,"showFog":true,"showSkybox":true,"showFlares":true,"showImageEffects":true,"showParticleSystems":true,"showVisualEffectGraphs":true,"m_FxEnabled":true},"in2DMode":false,"pivot":{"x":21.354167938232423,"y":3.9694156646728517,"z":4.374785423278809},"rotation":{"x":0.10899145901203156,"y":-0.693518877029419,"z":0.10736940801143646,"w":0.7039993405342102},"size":22.155025482177736,"orthographic":false}