{"cameraMode":{"drawMode":0,"name":"Shaded","section":"Shading Mode"},"sceneLighting":true,"audioPlay":false,"sceneViewState":{"m_AlwaysRefresh":false,"showFog":true,"showSkybox":true,"showFlares":true,"showImageEffects":true,"showParticleSystems":true,"showVisualEffectGraphs":true,"m_FxEnabled":true},"in2DMode":false,"pivot":{"x":0.5107160210609436,"y":-16.166370391845704,"z":38.294837951660159},"rotation":{"x":0.27017003297805788,"y":0.013576289638876915,"z":-0.0038107801228761675,"w":0.9627074599266052},"size":53.368045806884769,"orthographic":false}